date,temp_max,humidity,rainfall
2019-01-01,24.2,64.0,0.0
2019-01-02,25.6,61.0,0.0
2019-01-03,26.2,58.0,0.0
2019-01-04,26.0,59.0,0.0
2019-01-05,25.9,64.0,0.0
2019-01-06,26.4,61.0,0.0
2019-01-07,26.9,61.0,0.0
2019-01-08,24.9,60.0,0.0
2019-01-09,25.3,57.0,0.0
2019-01-10,25.8,58.0,0.0
2019-01-11,25.9,59.0,0.0
2019-01-12,26.1,62.0,0.0
2019-01-13,27.0,64.0,0.0
2019-01-14,27.3,57.0,0.0
2019-01-15,26.0,63.0,0.0
2019-01-16,26.2,56.0,0.0
2019-01-17,27.3,49.0,0.0
2019-01-18,27.5,48.0,0.0
2019-01-19,27.5,51.0,0.0
2019-01-20,28.2,45.0,0.0
2019-01-21,28.8,41.0,0.0
2019-01-22,28.7,54.0,0.0
2019-01-23,28.8,49.0,0.0
2019-01-24,28.2,48.0,0.0
2019-01-25,28.0,57.0,0.3
2019-01-26,28.1,63.0,0.0
2019-01-27,20.5,87.0,4.4
2019-01-28,19.6,91.0,10.8
2019-01-29,23.0,72.0,0.0
2019-01-30,23.7,63.0,0.0
2019-01-31,25.5,63.0,0.0
2019-02-01,26.1,64.0,0.0
2019-02-02,27.1,57.0,0.0
2019-02-03,28.0,50.0,0.0
2019-02-04,28.3,49.0,0.0
2019-02-05,28.3,48.0,0.0
2019-02-06,29.0,47.0,0.0
2019-02-07,30.5,47.0,0.0
2019-02-08,28.2,54.0,0.2
2019-02-09,28.7,60.0,0.5
2019-02-10,29.4,44.0,0.0
2019-02-11,29.2,48.0,0.0
2019-02-12,30.4,38.0,0.0
2019-02-13,31.7,34.0,0.0
2019-02-14,32.2,43.0,0.0
2019-02-15,31.8,42.0,0.0
2019-02-16,29.2,55.0,1.2
2019-02-17,29.5,66.0,0.4
2019-02-18,30.5,58.0,0.0
2019-02-19,33.0,40.0,0.0
2019-02-20,33.3,52.0,0.0
2019-02-21,34.1,45.0,0.0
2019-02-22,34.6,46.0,0.0
2019-02-23,34.5,42.0,0.0
2019-02-24,34.7,38.0,0.0
2019-02-25,32.9,37.0,0.0
2019-02-26,31.2,44.0,0.0
2019-02-27,30.4,57.0,0.0
2019-02-28,29.1,61.0,0.5
2019-03-01,32.5,45.0,0.0
2019-03-02,31.0,61.0,0.1
2019-03-03,32.0,64.0,0.3
2019-03-04,32.5,63.0,0.1
2019-03-05,31.8,59.0,0.2
2019-03-06,33.5,40.0,0.0
2019-03-07,32.5,40.0,0.0
2019-03-08,32.7,34.0,0.0
2019-03-09,33.3,44.0,0.0
2019-03-10,33.2,57.0,0.0
2019-03-11,34.7,47.0,0.0
2019-03-12,32.8,48.0,0.0
2019-03-13,34.7,41.0,0.0
2019-03-14,35.6,35.0,0.0
2019-03-15,35.2,32.0,0.0
2019-03-16,35.3,32.0,0.0
2019-03-17,35.2,38.0,0.0
2019-03-18,34.0,39.0,0.0
2019-03-19,34.5,39.0,0.0
2019-03-20,33.8,46.0,0.1
2019-03-21,33.5,50.0,0.0
2019-03-22,34.4,45.0,0.0
2019-03-23,35.3,42.0,0.0
2019-03-24,36.2,35.0,0.0
2019-03-25,36.2,31.0,0.0
2019-03-26,35.8,40.0,0.0
2019-03-27,35.5,40.0,0.0
2019-03-28,36.9,36.0,0.0
2019-03-29,36.7,29.0,0.0
2019-03-30,37.6,38.0,0.0
2019-03-31,37.1,40.0,0.1
2019-04-01,36.9,36.0,0.5
2019-04-02,36.2,34.0,0.0
2019-04-03,37.1,39.0,0.0
2019-04-04,37.4,38.0,0.5
2019-04-05,35.5,45.0,0.0
2019-04-06,36.2,42.0,0.0
2019-04-07,37.2,39.0,0.0
2019-04-08,33.6,51.0,2.1
2019-04-09,35.8,50.0,0.0
2019-04-10,36.5,53.0,0.4
2019-04-11,37.3,51.0,0.0
2019-04-12,37.2,45.0,0.1
2019-04-13,38.2,35.0,0.0
2019-04-14,37.9,35.0,0.0
2019-04-15,36.8,40.0,0.7
2019-04-16,37.6,31.0,0.0
2019-04-17,36.8,31.0,0.0
2019-04-18,36.5,36.0,0.0
2019-04-19,36.3,44.0,0.3
2019-04-20,34.8,53.0,0.7
2019-04-21,34.1,60.0,1.0
2019-04-22,37.0,45.0,0.0
2019-04-23,37.0,37.0,0.0
2019-04-24,38.1,39.0,0.0
2019-04-25,39.0,36.0,0.0
2019-04-26,39.6,39.0,0.0
2019-04-27,39.2,39.0,0.0
2019-04-28,38.4,44.0,0.0
2019-04-29,38.2,41.0,0.0
2019-04-30,38.0,47.0,0.2
2019-05-01,37.6,42.0,0.0
2019-05-02,36.5,52.0,0.0
2019-05-03,35.7,46.0,0.0
2019-05-04,39.7,23.0,0.0
2019-05-05,39.8,23.0,0.0
2019-05-06,39.2,28.0,0.0
2019-05-07,38.5,35.0,0.0
2019-05-08,38.5,34.0,0.0
2019-05-09,40.5,28.0,0.0
2019-05-10,39.7,30.0,0.0
2019-05-11,38.0,47.0,1.9
2019-05-12,36.0,49.0,3.1
2019-05-13,38.0,49.0,0.0
2019-05-14,37.2,51.0,1.7
2019-05-15,37.7,53.0,3.8
2019-05-16,37.7,48.0,0.1
2019-05-17,37.2,46.0,0.0
2019-05-18,39.2,40.0,0.0
2019-05-19,39.0,34.0,0.0
2019-05-20,37.7,38.0,0.5
2019-05-21,38.2,52.0,0.6
2019-05-22,38.2,44.0,0.0
2019-05-23,36.8,49.0,1.1
2019-05-24,38.1,47.0,0.0
2019-05-25,39.2,44.0,0.0
2019-05-26,38.2,43.0,0.0
2019-05-27,38.7,46.0,0.1
2019-05-28,38.6,51.0,3.4
2019-05-29,37.0,59.0,0.7
2019-05-30,36.7,60.0,0.2
2019-05-31,37.0,57.0,0.7
2019-06-01,36.4,56.0,0.2
2019-06-02,36.2,56.0,2.2
2019-06-03,36.2,62.0,0.0
2019-06-04,36.2,61.0,0.1
2019-06-05,37.8,57.0,7.3
2019-06-06,37.0,60.0,0.6
2019-06-07,36.2,64.0,0.7
2019-06-08,33.5,65.0,1.9
2019-06-09,35.6,63.0,14.0
2019-06-10,37.9,56.0,0.0
2019-06-11,37.2,55.0,0.0
2019-06-12,38.3,45.0,0.0
2019-06-13,37.0,43.0,0.0
2019-06-14,36.0,46.0,0.0
2019-06-15,38.7,42.0,0.0
2019-06-16,35.6,58.0,5.3
2019-06-17,32.0,83.0,13.1
2019-06-18,33.6,76.0,5.7
2019-06-19,35.3,60.0,0.4
2019-06-20,34.2,67.0,9.2
2019-06-21,29.5,85.0,13.8
2019-06-22,27.2,92.0,27.7
2019-06-23,28.0,88.0,8.9
2019-06-24,31.3,76.0,1.4
2019-06-25,31.9,75.0,1.0
2019-06-26,31.4,76.0,0.8
2019-06-27,32.8,76.0,1.7
2019-06-28,30.4,80.0,1.5
2019-06-29,28.2,84.0,18.8
2019-06-30,27.5,86.0,10.6
2019-07-01,25.5,94.0,34.6
2019-07-02,26.1,92.0,14.9
2019-07-03,26.5,85.0,2.9
2019-07-04,28.4,80.0,1.5
2019-07-05,25.4,91.0,31.8
2019-07-06,26.2,89.0,28.8
2019-07-07,28.3,82.0,1.0
2019-07-08,29.2,81.0,3.9
2019-07-09,26.5,88.0,6.1
2019-07-10,27.5,83.0,1.9
2019-07-11,26.2,88.0,5.6
2019-07-12,29.3,85.0,3.9
2019-07-13,28.2,87.0,4.1
2019-07-14,29.5,86.0,8.1
2019-07-15,29.0,84.0,6.2
2019-07-16,30.3,84.0,8.8
2019-07-17,31.6,77.0,2.8
2019-07-18,26.6,88.0,9.1
2019-07-19,29.4,90.0,11.9
2019-07-20,29.2,88.0,13.3
2019-07-21,30.6,83.0,2.7
2019-07-22,31.2,84.0,5.4
2019-07-23,31.1,84.0,2.9
2019-07-24,29.1,88.0,13.6
2019-07-25,26.7,87.0,17.5
2019-07-26,24.7,94.0,51.4
2019-07-27,25.6,91.0,13.9
2019-07-28,24.9,92.0,21.5
2019-07-29,23.0,94.0,92.6
2019-07-30,26.0,89.0,13.9
2019-07-31,27.6,85.0,6.1
2019-08-01,26.8,88.0,22.0
2019-08-02,23.3,93.0,82.5
2019-08-03,25.7,88.0,4.4
2019-08-04,26.0,86.0,19.2
2019-08-05,28.1,86.0,5.1
2019-08-06,25.2,93.0,26.0
2019-08-07,23.3,93.0,72.3
2019-08-08,25.0,90.0,22.9
2019-08-09,27.9,89.0,8.0
2019-08-10,29.9,81.0,2.5
2019-08-11,29.5,83.0,3.8
2019-08-12,27.2,88.0,20.3
2019-08-13,24.5,94.0,111.2
2019-08-14,27.4,89.0,4.3
2019-08-15,28.6,88.0,6.2
2019-08-16,29.1,88.0,3.8
2019-08-17,29.2,90.0,8.8
2019-08-18,27.5,90.0,17.8
2019-08-19,29.8,84.0,1.7
2019-08-20,27.2,90.0,14.4
2019-08-21,27.1,90.0,27.4
2019-08-22,28.5,89.0,13.5
2019-08-23,26.2,94.0,23.7
2019-08-24,27.0,93.0,17.8
2019-08-25,27.0,86.0,4.7
2019-08-26,26.8,85.0,5.6
2019-08-27,28.0,84.0,1.5
2019-08-28,29.1,77.0,3.5
2019-08-29,29.9,82.0,3.9
2019-08-30,29.0,88.0,8.5
2019-08-31,28.0,90.0,11.1
2019-09-01,27.0,92.0,13.1
2019-09-02,24.9,94.0,29.7
2019-09-03,26.6,93.0,47.6
2019-09-04,27.0,92.0,16.5
2019-09-05,27.0,91.0,16.5
2019-09-06,23.5,95.0,91.9
2019-09-07,25.5,92.0,19.9
2019-09-08,27.6,89.0,20.0
2019-09-09,27.8,86.0,4.8
2019-09-10,28.6,86.0,2.4
2019-09-11,26.6,89.0,7.1
2019-09-12,25.2,91.0,13.8
2019-09-13,28.2,88.0,7.9
2019-09-14,28.2,87.0,1.5
2019-09-15,29.1,88.0,3.7
2019-09-16,29.5,89.0,5.5
2019-09-17,30.1,89.0,5.8
2019-09-18,29.0,88.0,8.0
2019-09-19,30.0,87.0,9.4
2019-09-20,29.9,86.0,9.1
2019-09-21,29.8,89.0,10.3
2019-09-22,30.2,83.0,3.0
2019-09-23,29.5,90.0,11.9
2019-09-24,27.7,90.0,15.2
2019-09-25,26.1,90.0,4.7
2019-09-26,27.8,83.0,2.1
2019-09-27,27.2,87.0,2.4
2019-09-28,27.9,85.0,3.8
2019-09-29,28.5,80.0,0.2
2019-09-30,27.5,88.0,2.2
2019-10-01,28.0,89.0,8.9
2019-10-02,27.1,90.0,6.8
2019-10-03,28.6,86.0,2.0
2019-10-04,27.7,86.0,2.6
2019-10-05,28.4,86.0,2.6
2019-10-06,27.4,89.0,14.2
2019-10-07,29.5,89.0,10.0
2019-10-08,27.1,91.0,6.1
2019-10-09,28.4,88.0,1.5
2019-10-10,27.9,89.0,7.9
2019-10-11,27.4,91.0,2.7
2019-10-12,27.0,91.0,2.1
2019-10-13,29.6,89.0,1.1
2019-10-14,28.6,85.0,2.1
2019-10-15,28.6,80.0,0.7
2019-10-16,28.9,81.0,0.5
2019-10-17,28.6,87.0,16.8
2019-10-18,29.0,86.0,4.1
2019-10-19,28.8,86.0,2.8
2019-10-20,28.7,86.0,3.5
2019-10-21,29.2,86.0,1.4
2019-10-22,28.2,84.0,2.5
2019-10-23,24.2,94.0,14.2
2019-10-24,25.4,94.0,33.4
2019-10-25,27.9,88.0,3.7
2019-10-26,27.3,91.0,13.2
2019-10-27,28.6,90.0,3.5
2019-10-28,28.7,86.0,1.4
2019-10-29,29.3,88.0,3.6
2019-10-30,29.4,90.0,10.5
2019-10-31,27.3,90.0,5.5
2019-11-01,28.1,87.0,3.2
2019-11-02,28.5,79.0,0.0
2019-11-03,29.0,76.0,0.0
2019-11-04,29.0,78.0,0.0
2019-11-05,28.4,81.0,1.0
2019-11-06,28.2,79.0,0.0
2019-11-07,27.3,76.0,0.0
2019-11-08,26.6,77.0,0.0
2019-11-09,27.6,78.0,0.0
2019-11-10,28.4,79.0,0.0
2019-11-11,28.1,77.0,0.0
2019-11-12,27.1,75.0,0.0
2019-11-13,26.9,70.0,0.0
2019-11-14,26.6,71.0,0.0
2019-11-15,27.6,76.0,0.0
2019-11-16,28.1,74.0,0.0
2019-11-17,28.6,73.0,0.0
2019-11-18,28.3,74.0,0.0
2019-11-19,28.4,74.0,0.0
2019-11-20,27.9,78.0,0.0
2019-11-21,27.9,75.0,0.0
2019-11-22,27.5,69.0,0.0
2019-11-23,27.6,68.0,0.0
2019-11-24,27.9,71.0,0.0
2019-11-25,28.8,72.0,0.0
2019-11-26,28.7,72.0,0.0
2019-11-27,28.5,71.0,0.0
2019-11-28,28.9,66.0,0.0
2019-11-29,28.6,68.0,0.0
2019-11-30,28.2,69.0,0.0
2019-12-01,28.0,70.0,0.6
2019-12-02,22.9,82.0,0.9
2019-12-03,27.5,67.0,0.0
2019-12-04,26.9,69.0,0.0
2019-12-05,26.3,62.0,0.0
2019-12-06,26.0,66.0,0.0
2019-12-07,26.4,66.0,0.0
2019-12-08,26.5,68.0,0.0
2019-12-09,26.8,72.0,0.0
2019-12-10,26.1,71.0,0.0
2019-12-11,26.0,68.0,0.0
2019-12-12,25.4,68.0,0.0
2019-12-13,26.6,70.0,0.0
2019-12-14,27.9,69.0,0.0
2019-12-15,26.9,73.0,0.1
2019-12-16,26.7,69.0,0.0
2019-12-17,27.2,72.0,0.0
2019-12-18,25.9,73.0,0.0
2019-12-19,25.8,70.0,0.0
2019-12-20,26.2,64.0,0.0
2019-12-21,25.7,71.0,0.0
2019-12-22,26.6,68.0,0.0
2019-12-23,25.5,66.0,0.0
2019-12-24,26.5,70.0,0.0
2019-12-25,27.8,68.0,0.0
2019-12-26,25.4,82.0,3.5
2019-12-27,23.1,86.0,1.4
2019-12-28,23.5,58.0,0.0
2019-12-29,23.0,58.0,0.0
2019-12-30,24.1,63.0,0.0
2019-12-31,25.1,72.0,0.1
2020-01-01,26.5,74.0,0.8
2020-01-02,27.0,79.0,3.5
2020-01-03,25.0,92.0,11.8
2020-01-04,25.4,83.0,2.0
2020-01-05,24.0,78.0,0.0
2020-01-06,25.1,73.0,0.0
2020-01-07,26.0,70.0,0.0
2020-01-08,26.9,74.0,0.0
2020-01-09,26.4,81.0,0.9
2020-01-10,24.5,77.0,1.4
2020-01-11,25.0,72.0,0.0
2020-01-12,25.0,65.0,0.0
2020-01-13,26.1,57.0,0.0
2020-01-14,27.9,62.0,0.0
2020-01-15,28.0,66.0,0.0
2020-01-16,26.9,59.0,0.0
2020-01-17,27.5,63.0,0.0
2020-01-18,26.9,62.0,0.0
2020-01-19,26.7,66.0,0.0
2020-01-20,26.4,73.0,0.0
2020-01-21,27.6,69.0,0.0
2020-01-22,28.9,60.0,0.0
2020-01-23,29.0,59.0,0.0
2020-01-24,27.8,68.0,0.0
2020-01-25,28.0,59.0,0.0
2020-01-26,28.8,58.0,0.0
2020-01-27,29.2,54.0,0.0
2020-01-28,28.5,64.0,0.0
2020-01-29,27.5,70.0,1.2
2020-01-30,27.0,74.0,0.8
2020-01-31,27.7,60.0,0.0
2020-02-01,27.0,71.0,0.9
2020-02-02,26.9,63.0,0.9
2020-02-03,27.2,66.0,0.0
2020-02-04,28.2,71.0,0.3
2020-02-05,26.0,83.0,2.2
2020-02-06,28.3,72.0,0.0
2020-02-07,26.9,71.0,0.5
2020-02-08,24.0,84.0,9.9
2020-02-09,20.5,86.0,25.2
2020-02-10,25.5,75.0,0.0
2020-02-11,27.0,66.0,0.0
2020-02-12,26.6,59.0,0.0
2020-02-13,27.8,56.0,0.0
2020-02-14,29.3,54.0,0.0
2020-02-15,29.2,57.0,0.0
2020-02-16,29.8,52.0,0.0
2020-02-17,29.5,49.0,0.0
2020-02-18,30.0,42.0,0.0
2020-02-19,30.2,43.0,0.0
2020-02-20,30.5,60.0,0.0
2020-02-21,30.8,58.0,0.0
2020-02-22,30.6,52.0,0.0
2020-02-23,31.0,52.0,0.0
2020-02-24,30.3,48.0,0.0
2020-02-25,26.8,70.0,4.0
2020-02-26,28.7,59.0,0.5
2020-02-27,29.2,39.0,0.0
2020-02-28,30.1,42.0,0.0
2020-02-29,30.7,42.0,0.0
2020-03-01,31.2,47.0,0.0
2020-03-02,30.9,53.0,0.0
2020-03-03,32.7,55.0,0.0
2020-03-04,30.4,59.0,1.3
2020-03-05,30.1,65.0,0.3
2020-03-06,28.4,71.0,2.0
2020-03-07,29.8,77.0,1.7
2020-03-08,30.0,74.0,0.5
2020-03-09,29.6,68.0,0.6
2020-03-10,30.5,66.0,0.4
2020-03-11,32.2,58.0,0.0
2020-03-12,33.0,54.0,0.0
2020-03-13,35.0,49.0,0.0
2020-03-14,34.4,43.0,0.0
2020-03-15,34.0,49.0,0.0
2020-03-16,33.8,53.0,0.0
2020-03-17,34.5,48.0,0.0
2020-03-18,33.8,53.0,0.9
2020-03-19,29.9,61.0,4.1
2020-03-20,32.8,58.0,0.5
2020-03-21,31.0,57.0,1.7
2020-03-22,31.5,54.0,2.1
2020-03-23,33.5,53.0,0.0
2020-03-24,33.6,52.0,0.0
2020-03-25,34.3,44.0,0.0
2020-03-26,35.2,47.0,0.0
2020-03-27,35.8,43.0,0.0
2020-03-28,35.5,44.0,0.1
2020-03-29,36.5,50.0,0.0
2020-03-30,35.5,54.0,0.5
2020-03-31,36.2,48.0,0.0
2020-04-01,35.6,44.0,0.0
2020-04-02,35.6,38.0,0.0
2020-04-03,35.0,47.0,0.0
2020-04-04,33.7,51.0,1.0
2020-04-05,34.6,52.0,0.0
2020-04-06,35.0,46.0,0.0
2020-04-07,34.8,52.0,0.3
2020-04-08,33.1,61.0,2.1
2020-04-09,34.3,56.0,0.0
2020-04-10,33.6,54.0,0.1
2020-04-11,34.7,45.0,0.0
2020-04-12,35.8,39.0,0.0
2020-04-13,36.1,38.0,0.2
2020-04-14,35.6,37.0,0.0
2020-04-15,35.8,42.0,0.3
2020-04-16,35.7,38.0,0.0
2020-04-17,35.8,41.0,0.0
2020-04-18,36.2,52.0,0.0
2020-04-19,35.6,58.0,3.9
2020-04-20,36.9,54.0,0.0
2020-04-21,35.7,48.0,0.0
2020-04-22,34.3,49.0,0.0
2020-04-23,35.9,51.0,0.0
2020-04-24,34.1,57.0,0.0
2020-04-25,32.5,71.0,26.3
2020-04-26,31.5,78.0,1.8
2020-04-27,29.6,84.0,9.4
2020-04-28,31.2,77.0,2.0
2020-04-29,33.4,61.0,0.0
2020-04-30,33.8,59.0,0.0
2020-05-01,32.4,70.0,2.3
2020-05-02,34.2,58.0,0.0
2020-05-03,35.7,55.0,0.0
2020-05-04,35.0,58.0,0.0
2020-05-05,35.2,55.0,0.0
2020-05-06,34.3,59.0,0.0
2020-05-07,34.5,62.0,0.0
2020-05-08,34.6,61.0,0.0
2020-05-09,35.9,56.0,0.0
2020-05-10,35.5,59.0,0.1
2020-05-11,33.6,57.0,0.0
2020-05-12,34.5,62.0,0.0
2020-05-13,33.8,64.0,0.0
2020-05-14,35.6,55.0,0.2
2020-05-15,35.8,62.0,0.2
2020-05-16,35.3,66.0,0.4
2020-05-17,35.8,59.0,0.0
2020-05-18,35.3,54.0,0.0
2020-05-19,34.8,51.0,0.0
2020-05-20,36.3,43.0,0.0
2020-05-21,37.0,34.0,0.0
2020-05-22,38.7,33.0,0.0
2020-05-23,38.1,39.0,0.0
2020-05-24,37.0,51.0,0.0
2020-05-25,37.6,59.0,0.0
2020-05-26,37.0,57.0,0.0
2020-05-27,36.7,57.0,0.0
2020-05-28,38.0,53.0,0.0
2020-05-29,37.0,60.0,0.1
2020-05-30,32.1,70.0,0.4
2020-05-31,32.6,78.0,7.5
2020-06-01,29.8,80.0,5.9
2020-06-02,32.7,79.0,5.7
2020-06-03,31.6,79.0,3.2
2020-06-04,31.8,72.0,3.1
2020-06-05,31.5,67.0,0.4
2020-06-06,33.1,60.0,0.0
2020-06-07,33.9,58.0,0.1
2020-06-08,32.1,66.0,4.9
2020-06-09,31.9,76.0,6.5
2020-06-10,31.6,84.0,20.5
2020-06-11,29.0,88.0,34.6
2020-06-12,28.4,92.0,54.5
2020-06-13,29.0,88.0,37.2
2020-06-14,29.8,85.0,2.9
2020-06-15,28.4,85.0,12.0
2020-06-16,26.1,93.0,16.7
2020-06-17,24.6,93.0,13.8
2020-06-18,27.3,87.0,2.8
2020-06-19,29.5,84.0,2.8
2020-06-20,27.8,84.0,4.3
2020-06-21,26.6,92.0,23.2
2020-06-22,27.1,89.0,13.9
2020-06-23,29.4,84.0,1.9
2020-06-24,30.5,82.0,2.9
2020-06-25,30.5,82.0,4.4
2020-06-26,31.0,76.0,0.0
2020-06-27,30.8,79.0,1.7
2020-06-28,30.0,87.0,8.3
2020-06-29,28.5,88.0,3.7
2020-06-30,29.5,86.0,2.7
2020-07-01,28.8,87.0,12.7
2020-07-02,29.8,89.0,5.6
2020-07-03,29.1,90.0,21.1
2020-07-04,26.5,93.0,18.9
2020-07-05,25.8,94.0,21.6
2020-07-06,25.1,91.0,16.7
2020-07-07,27.9,85.0,0.0
2020-07-08,29.7,81.0,1.1
2020-07-09,29.1,89.0,12.0
2020-07-10,28.0,90.0,16.1
2020-07-11,28.5,86.0,2.3
2020-07-12,28.2,90.0,9.0
2020-07-13,26.5,91.0,14.1
2020-07-14,27.0,94.0,31.2
2020-07-15,26.3,93.0,15.7
2020-07-16,27.4,86.0,4.4
2020-07-17,28.3,83.0,2.1
2020-07-18,29.3,84.0,1.5
2020-07-19,29.2,86.0,11.4
2020-07-20,28.4,90.0,12.1
2020-07-21,29.3,85.0,0.9
2020-07-22,28.8,86.0,2.7
2020-07-23,25.0,94.0,21.2
2020-07-24,26.4,88.0,2.0
2020-07-25,30.1,80.0,0.1
2020-07-26,29.8,82.0,0.8
2020-07-27,29.8,86.0,6.7
2020-07-28,29.8,87.0,24.4
2020-07-29,31.0,83.0,3.0
2020-07-30,30.5,84.0,2.9
2020-07-31,29.8,89.0,30.7
2020-08-01,29.2,89.0,14.1
2020-08-02,30.5,88.0,13.1
2020-08-03,27.1,90.0,11.3
2020-08-04,24.9,93.0,10.8
2020-08-05,25.6,92.0,7.7
2020-08-06,28.7,86.0,2.3
2020-08-07,30.2,82.0,2.2
2020-08-08,27.8,89.0,14.6
2020-08-09,26.5,91.0,7.8
2020-08-10,26.0,89.0,5.8
2020-08-11,25.2,92.0,11.2
2020-08-12,26.8,89.0,16.0
2020-08-13,25.9,91.0,10.1
2020-08-14,24.5,91.0,13.5
2020-08-15,23.1,94.0,33.7
2020-08-16,23.8,93.0,69.7
2020-08-17,26.0,88.0,9.7
2020-08-18,27.0,87.0,7.3
2020-08-19,26.0,90.0,18.9
2020-08-20,26.8,93.0,38.9
2020-08-21,25.8,92.0,14.0
2020-08-22,28.8,88.0,3.6
2020-08-23,27.5,88.0,5.9
2020-08-24,29.3,88.0,7.0
2020-08-25,28.2,87.0,2.3
2020-08-26,24.9,94.0,18.5
2020-08-27,24.5,93.0,24.9
2020-08-28,27.6,85.0,1.2
2020-08-29,28.8,86.0,2.9
2020-08-30,29.1,86.0,2.7
2020-08-31,30.5,85.0,0.4
2020-09-01,30.8,83.0,1.3
2020-09-02,27.3,90.0,16.5
2020-09-03,30.4,80.0,0.8
2020-09-04,30.0,88.0,6.3
2020-09-05,28.8,87.0,14.7
2020-09-06,30.3,88.0,8.1
2020-09-07,29.7,85.0,1.2
2020-09-08,30.0,88.0,1.7
2020-09-09,29.5,88.0,7.5
2020-09-10,28.9,90.0,22.4
2020-09-11,29.6,88.0,20.2
2020-09-12,29.7,87.0,5.2
2020-09-13,29.8,84.0,1.0
2020-09-14,29.5,87.0,12.4
2020-09-15,29.4,87.0,3.0
2020-09-16,29.6,87.0,5.5
2020-09-17,30.6,82.0,1.2
2020-09-18,30.0,88.0,10.1
2020-09-19,30.6,87.0,12.3
2020-09-20,29.9,88.0,12.1
2020-09-21,25.6,94.0,17.0
2020-09-22,28.2,87.0,2.5
2020-09-23,29.0,84.0,1.4
2020-09-24,29.1,80.0,0.3
2020-09-25,27.8,89.0,17.2
2020-09-26,28.2,88.0,1.7
2020-09-27,28.9,89.0,9.6
2020-09-28,29.8,82.0,0.5
2020-09-29,29.4,81.0,0.4
2020-09-30,27.1,85.0,1.3
2020-10-01,27.9,79.0,0.1
2020-10-02,28.7,80.0,1.2
2020-10-03,30.0,86.0,2.4
2020-10-04,28.8,89.0,5.2
2020-10-05,27.4,92.0,9.9
2020-10-06,28.5,91.0,9.3
2020-10-07,28.5,90.0,11.7
2020-10-08,29.0,90.0,6.2
2020-10-09,30.0,91.0,8.2
2020-10-10,28.3,90.0,8.0
2020-10-11,29.0,88.0,5.0
2020-10-12,27.5,85.0,1.7
2020-10-13,26.9,88.0,4.5
2020-10-14,27.8,90.0,26.1
2020-10-15,27.8,91.0,5.1
2020-10-16,28.9,90.0,8.7
2020-10-17,29.4,87.0,0.9
2020-10-18,29.5,84.0,0.1
2020-10-19,28.1,88.0,4.3
2020-10-20,28.9,86.0,0.5
2020-10-21,29.1,77.0,0.1
2020-10-22,29.3,77.0,0.1
2020-10-23,30.4,70.0,0.0
2020-10-24,29.6,71.0,0.0
2020-10-25,29.0,72.0,0.0
2020-10-26,28.5,72.0,0.0
2020-10-27,28.3,69.0,0.0
2020-10-28,28.5,66.0,0.0
2020-10-29,28.3,65.0,0.0
2020-10-30,28.2,66.0,0.0
2020-10-31,28.8,62.0,0.0
2020-11-01,29.5,67.0,0.0
2020-11-02,30.0,72.0,0.0
2020-11-03,29.8,70.0,0.2
2020-11-04,29.8,68.0,0.0
2020-11-05,28.8,72.0,0.6
2020-11-06,28.5,72.0,0.6
2020-11-07,29.2,53.0,0.0
2020-11-08,27.7,50.0,0.0
2020-11-09,27.4,56.0,0.0
2020-11-10,27.4,60.0,0.0
2020-11-11,26.2,78.0,1.0
2020-11-12,28.1,76.0,0.2
2020-11-13,29.6,64.0,0.0
2020-11-14,30.0,62.0,0.0
2020-11-15,29.6,63.0,0.0
2020-11-16,30.8,58.0,0.0
2020-11-17,30.4,60.0,0.1
2020-11-18,30.6,54.0,0.0
2020-11-19,30.4,57.0,0.0
2020-11-20,30.3,62.0,0.0
2020-11-21,28.6,68.0,0.4
2020-11-22,29.1,69.0,0.0
2020-11-23,28.7,56.0,0.0
2020-11-24,28.1,58.0,0.0
2020-11-25,27.5,56.0,0.0
2020-11-26,25.0,69.0,6.5
2020-11-27,20.2,85.0,4.7
2020-11-28,25.5,70.0,0.2
2020-11-29,27.6,59.0,0.0
2020-11-30,27.8,63.0,0.0
2020-12-01,27.5,61.0,0.0
2020-12-02,28.2,62.0,0.0
2020-12-03,28.4,62.0,0.0
2020-12-04,28.1,52.0,0.0
2020-12-05,28.1,53.0,0.0
2020-12-06,29.0,57.0,0.0
2020-12-07,29.4,52.0,0.0
2020-12-08,29.1,52.0,0.0
2020-12-09,28.4,52.0,0.0
2020-12-10,28.4,52.0,0.0
2020-12-11,28.4,55.0,0.0
2020-12-12,28.3,52.0,0.0
2020-12-13,27.5,59.0,0.0
2020-12-14,29.1,57.0,0.0
2020-12-15,28.4,65.0,0.0
2020-12-16,28.8,64.0,0.0
2020-12-17,29.1,61.0,0.0
2020-12-18,27.8,62.0,0.0
2020-12-19,27.1,59.0,0.0
2020-12-20,26.6,45.0,0.0
2020-12-21,26.6,44.0,0.0
2020-12-22,26.4,50.0,0.0
2020-12-23,26.6,50.0,0.0
2020-12-24,26.8,52.0,0.0
2020-12-25,26.8,50.0,0.0
2020-12-26,26.9,55.0,0.0
2020-12-27,27.2,57.0,0.0
2020-12-28,27.0,53.0,0.0
2020-12-29,27.5,55.0,0.0
2020-12-30,27.4,61.0,0.0
2020-12-31,27.2,55.0,0.0
2021-01-01,27.2,59.0,0.0
2021-01-02,27.5,62.0,0.0
2021-01-03,28.7,55.0,0.0
2021-01-04,28.5,49.0,0.0
2021-01-05,29.1,51.0,0.0
2021-01-06,29.2,57.0,0.0
2021-01-07,27.8,61.0,1.3
2021-01-08,30.7,44.0,0.0
2021-01-09,30.5,38.0,0.0
2021-01-10,29.8,40.0,0.0
2021-01-11,30.4,45.0,0.0
2021-01-12,29.9,56.0,0.0
2021-01-13,28.4,60.0,0.0
2021-01-14,28.0,55.0,0.0
2021-01-15,27.9,60.0,0.0
2021-01-16,28.2,48.0,0.0
2021-01-17,28.0,46.0,0.0
2021-01-18,27.1,58.0,0.0
2021-01-19,28.5,51.0,0.0
2021-01-20,29.8,57.0,0.0
2021-01-21,28.6,59.0,0.0
2021-01-22,28.7,52.0,0.0
2021-01-23,29.4,52.0,0.0
2021-01-24,30.0,56.0,0.0
2021-01-25,30.0,57.0,0.0
2021-01-26,29.4,59.0,0.0
2021-01-27,29.0,57.0,0.0
2021-01-28,28.2,64.0,0.1
2021-01-29,29.0,58.0,0.0
2021-01-30,26.5,67.0,0.3
2021-01-31,28.2,44.0,0.0
2021-02-01,27.5,34.0,0.0
2021-02-02,28.4,31.0,0.0
2021-02-03,28.1,30.0,0.0
2021-02-04,28.0,31.0,0.0
2021-02-05,27.6,33.0,0.0
2021-02-06,28.8,39.0,0.0
2021-02-07,27.4,41.0,0.0
2021-02-08,28.0,38.0,0.0
2021-02-09,28.6,36.0,0.0
2021-02-10,29.3,40.0,0.0
2021-02-11,30.1,43.0,0.0
2021-02-12,29.8,58.0,0.0
2021-02-13,29.9,53.0,0.0
2021-02-14,30.4,51.0,0.0
2021-02-15,31.0,47.0,0.0
2021-02-16,30.4,45.0,0.0
2021-02-17,29.5,49.0,0.0
2021-02-18,28.7,58.0,0.8
2021-02-19,27.8,65.0,0.4
2021-02-20,26.1,64.0,0.3
2021-02-21,28.2,60.0,0.0
2021-02-22,29.3,57.0,0.0
2021-02-23,30.2,47.0,0.0
2021-02-24,31.1,43.0,0.0
2021-02-25,32.4,38.0,0.0
2021-02-26,33.2,36.0,0.0
2021-02-27,33.0,37.0,0.0
2021-02-28,33.2,35.0,0.0
2021-03-01,33.2,40.0,0.0
2021-03-02,33.6,39.0,0.0
2021-03-03,33.0,32.0,0.0
2021-03-04,33.2,38.0,0.0
2021-03-05,33.6,31.0,0.0
2021-03-06,33.5,32.0,0.0
2021-03-07,33.8,31.0,0.0
2021-03-08,34.0,39.0,0.0
2021-03-09,33.8,43.0,0.0
2021-03-10,33.8,40.0,0.0
2021-03-11,33.3,40.0,0.0
2021-03-12,34.2,37.0,0.0
2021-03-13,31.5,44.0,0.0
2021-03-14,32.8,48.0,0.0
2021-03-15,33.7,39.0,0.0
2021-03-16,34.8,37.0,0.0
2021-03-17,33.4,45.0,0.0
2021-03-18,33.8,42.0,0.0
2021-03-19,33.0,45.0,0.0
2021-03-20,32.3,49.0,0.0
2021-03-21,33.8,43.0,0.0
2021-03-22,35.0,38.0,0.0
2021-03-23,35.0,44.0,0.6
2021-03-24,35.0,42.0,0.0
2021-03-25,34.7,39.0,0.0
2021-03-26,35.0,38.0,0.0
2021-03-27,35.8,33.0,0.0
2021-03-28,36.0,38.0,0.0
2021-03-29,36.7,32.0,0.0
2021-03-30,36.8,35.0,0.0
2021-03-31,37.7,22.0,0.0
2021-04-01,37.4,25.0,0.0
2021-04-02,37.0,28.0,0.0
2021-04-03,37.3,39.0,0.0
2021-04-04,36.0,40.0,0.0
2021-04-05,36.7,31.0,0.0
2021-04-06,37.0,43.0,0.0
2021-04-07,37.0,42.0,0.0
2021-04-08,36.2,45.0,0.0
2021-04-09,35.4,51.0,8.9
2021-04-10,34.6,59.0,0.8
2021-04-11,33.9,64.0,14.5
2021-04-12,34.0,58.0,0.6
2021-04-13,35.0,52.0,0.0
2021-04-14,32.3,61.0,1.3
2021-04-15,30.0,72.0,12.7
2021-04-16,32.2,59.0,0.0
2021-04-17,34.4,49.0,0.0
2021-04-18,34.9,48.0,0.0
2021-04-19,35.2,51.0,0.0
2021-04-20,34.5,57.0,0.4
2021-04-21,33.6,62.0,0.9
2021-04-22,33.7,58.0,0.0
2021-04-23,34.0,53.0,0.0
2021-04-24,35.0,48.0,0.0
2021-04-25,35.5,47.0,0.0
2021-04-26,34.5,45.0,0.0
2021-04-27,35.8,44.0,0.0
2021-04-28,37.0,40.0,0.0
2021-04-29,36.6,48.0,0.0
2021-04-30,37.2,49.0,0.0
2021-05-01,35.9,55.0,1.5
2021-05-02,34.8,57.0,0.1
2021-05-03,33.5,61.0,2.5
2021-05-04,34.0,57.0,0.0
2021-05-05,34.8,60.0,0.1
2021-05-06,34.2,65.0,0.7
2021-05-07,34.9,62.0,0.0
2021-05-08,33.5,67.0,0.7
2021-05-09,33.7,68.0,1.0
2021-05-10,33.0,67.0,1.8
2021-05-11,32.9,72.0,2.6
2021-05-12,34.0,63.0,0.0
2021-05-13,33.5,65.0,0.8
2021-05-14,34.0,72.0,0.7
2021-05-15,34.4,64.0,0.0
2021-05-16,34.2,65.0,0.9
2021-05-17,34.4,65.0,0.0
2021-05-18,34.2,62.0,0.0
2021-05-19,34.9,59.0,0.0
2021-05-20,34.0,63.0,0.4
2021-05-21,33.3,77.0,18.3
2021-05-22,35.1,67.0,0.0
2021-05-23,35.4,54.0,0.0
2021-05-24,36.2,39.0,0.0
2021-05-25,33.2,33.0,0.0
2021-05-26,34.0,27.0,0.0
2021-05-27,37.1,33.0,0.0
2021-05-28,36.0,43.0,0.0
2021-05-29,36.2,51.0,0.2
2021-05-30,37.0,53.0,0.0
2021-05-31,36.5,52.0,0.0
2021-06-01,35.8,63.0,1.9
2021-06-02,32.5,76.0,2.6
2021-06-03,30.7,84.0,8.1
2021-06-04,31.4,78.0,3.0
2021-06-05,32.2,73.0,0.4
2021-06-06,33.0,62.0,0.0
2021-06-07,33.0,63.0,0.0
2021-06-08,33.3,72.0,5.2
2021-06-09,27.8,84.0,16.7
2021-06-10,27.9,89.0,16.3
2021-06-11,25.5,91.0,27.4
2021-06-12,28.0,89.0,57.0
2021-06-13,26.7,89.0,18.7
2021-06-14,27.0,90.0,23.2
2021-06-15,27.8,86.0,8.8
2021-06-16,28.8,84.0,1.9
2021-06-17,26.9,86.0,2.9
2021-06-18,26.5,87.0,6.5
2021-06-19,25.8,85.0,5.9
2021-06-20,29.1,77.0,0.1
2021-06-21,30.0,71.0,0.3
2021-06-22,29.3,79.0,2.2
2021-06-23,26.2,90.0,14.3
2021-06-24,26.4,86.0,0.4
2021-06-25,28.0,82.0,3.0
2021-06-26,27.2,89.0,19.2
2021-06-27,29.0,89.0,11.1
2021-06-28,29.8,83.0,1.6
2021-06-29,30.5,80.0,0.9
2021-06-30,30.4,83.0,5.8
2021-07-01,29.6,87.0,11.3
2021-07-02,26.0,90.0,7.6
2021-07-03,27.0,87.0,3.3
2021-07-04,28.6,87.0,17.7
2021-07-05,26.3,92.0,12.7
2021-07-06,31.1,79.0,0.8
2021-07-07,29.5,86.0,4.4
2021-07-08,26.4,92.0,5.0
2021-07-09,29.0,81.0,1.1
2021-07-10,29.6,83.0,11.7
2021-07-11,29.9,88.0,14.9
2021-07-12,30.1,85.0,15.4
2021-07-13,28.7,88.0,8.5
2021-07-14,28.8,88.0,6.4
2021-07-15,29.0,82.0,1.1
2021-07-16,29.8,82.0,4.0
2021-07-17,30.8,79.0,0.7
2021-07-18,30.9,82.0,8.4
2021-07-19,30.3,81.0,4.5
2021-07-20,28.4,89.0,22.7
2021-07-21,25.4,91.0,22.6
2021-07-22,27.6,91.0,27.2
2021-07-23,25.1,91.0,10.3
2021-07-24,27.7,88.0,20.5
2021-07-25,29.8,80.0,1.9
2021-07-26,29.5,77.0,0.4
2021-07-27,27.6,81.0,0.8
2021-07-28,25.5,86.0,5.2
2021-07-29,26.5,88.0,23.2
2021-07-30,27.1,81.0,1.1
2021-07-31,26.1,83.0,4.0
2021-08-01,27.4,81.0,1.8
2021-08-02,29.3,78.0,1.3
2021-08-03,27.9,81.0,1.1
2021-08-04,29.6,80.0,0.9
2021-08-05,28.0,85.0,4.1
2021-08-06,26.0,90.0,54.3
2021-08-07,27.5,90.0,10.1
2021-08-08,29.7,82.0,1.2
2021-08-09,28.8,85.0,7.0
2021-08-10,29.2,84.0,2.5
2021-08-11,31.3,80.0,0.2
2021-08-12,30.0,86.0,8.2
2021-08-13,29.0,88.0,9.8
2021-08-14,29.0,88.0,9.6
2021-08-15,29.3,89.0,20.7
2021-08-16,28.0,91.0,51.5
2021-08-17,27.4,94.0,37.2
2021-08-18,27.2,91.0,103.0
2021-08-19,27.5,88.0,11.7
2021-08-20,27.9,90.0,6.7
2021-08-21,28.9,88.0,4.3
2021-08-22,29.4,82.0,1.3
2021-08-23,29.3,84.0,1.1
2021-08-24,29.5,87.0,3.7
2021-08-25,29.8,86.0,5.7
2021-08-26,29.1,85.0,5.4
2021-08-27,29.4,84.0,4.4
2021-08-28,28.0,89.0,16.6
2021-08-29,28.1,90.0,14.7
2021-08-30,29.1,88.0,6.1
2021-08-31,28.6,87.0,4.6
2021-09-01,29.0,88.0,6.0
2021-09-02,28.8,86.0,7.1
2021-09-03,29.6,88.0,74.1
2021-09-04,29.7,87.0,17.1
2021-09-05,29.8,88.0,12.9
2021-09-06,28.3,92.0,60.3
2021-09-07,26.1,91.0,11.1
2021-09-08,27.9,83.0,1.9
2021-09-09,28.6,83.0,7.6
2021-09-10,26.5,92.0,11.2
2021-09-11,26.1,93.0,19.1
2021-09-12,25.4,94.0,13.5
2021-09-13,25.6,92.0,18.7
2021-09-14,27.0,91.0,17.6
2021-09-15,28.8,84.0,2.1
2021-09-16,29.2,80.0,0.7
2021-09-17,28.5,82.0,0.6
2021-09-18,28.5,84.0,7.8
2021-09-19,25.8,92.0,15.1
2021-09-20,27.1,92.0,7.0
2021-09-21,27.1,88.0,2.4
2021-09-22,29.1,88.0,3.7
2021-09-23,28.5,90.0,22.7
2021-09-24,28.7,91.0,5.9
2021-09-25,28.7,90.0,11.1
2021-09-26,28.0,90.0,6.7
2021-09-27,24.4,91.0,40.0
2021-09-28,29.2,86.0,5.4
2021-09-29,28.5,88.0,2.4
2021-09-30,28.6,88.0,5.1
2021-10-01,30.1,86.0,2.9
2021-10-02,29.4,89.0,4.4
2021-10-03,28.9,89.0,7.6
2021-10-04,30.0,87.0,2.2
2021-10-05,29.9,86.0,2.2
2021-10-06,29.5,80.0,0.0
2021-10-07,30.2,81.0,0.5
2021-10-08,30.1,86.0,0.8
2021-10-09,29.9,87.0,8.4
2021-10-10,29.8,79.0,0.0
2021-10-11,29.5,73.0,0.0
2021-10-12,29.6,76.0,0.0
2021-10-13,30.7,74.0,0.0
2021-10-14,31.0,70.0,0.0
2021-10-15,27.2,88.0,8.9
2021-10-16,27.1,92.0,20.4
2021-10-17,28.1,90.0,4.9
2021-10-18,28.9,85.0,1.2
2021-10-19,28.1,85.0,1.0
2021-10-20,29.2,79.0,0.0
2021-10-21,28.8,77.0,0.1
2021-10-22,29.2,70.0,0.0
2021-10-23,28.6,68.0,0.0
2021-10-24,27.5,76.0,0.6
2021-10-25,27.9,71.0,0.4
2021-10-26,28.1,68.0,0.0
2021-10-27,27.6,69.0,0.0
2021-10-28,28.0,72.0,0.2
2021-10-29,28.2,74.0,0.0
2021-10-30,29.0,84.0,1.2
2021-10-31,29.4,80.0,0.1
2021-11-01,28.0,85.0,1.4
2021-11-02,27.5,89.0,5.2
2021-11-03,26.6,87.0,0.5
2021-11-04,27.8,82.0,0.6
2021-11-05,27.8,78.0,0.0
2021-11-06,27.1,75.0,0.0
2021-11-07,26.5,71.0,0.0
2021-11-08,26.5,68.0,0.0
2021-11-09,26.9,66.0,0.0
2021-11-10,27.5,66.0,0.0
2021-11-11,28.0,70.0,6.3
2021-11-12,25.4,91.0,14.2
2021-11-13,27.2,92.0,12.7
2021-11-14,27.4,91.0,4.8
2021-11-15,28.4,85.0,0.7
2021-11-16,28.2,87.0,0.7
2021-11-17,28.0,83.0,0.1
2021-11-18,28.0,79.0,0.0
2021-11-19,28.5,81.0,3.1
2021-11-20,27.6,88.0,6.6
2021-11-21,29.0,84.0,0.5
2021-11-22,28.3,88.0,2.3
2021-11-23,28.2,84.0,0.3
2021-11-24,28.2,80.0,0.0
2021-11-25,27.6,78.0,0.0
2021-11-26,26.9,76.0,0.0
2021-11-27,26.2,72.0,0.0
2021-11-28,25.8,69.0,0.0
2021-11-29,24.8,60.0,0.0
2021-11-30,25.4,61.0,0.0
2021-12-01,25.4,67.0,0.0
2021-12-02,25.8,71.0,0.0
2021-12-03,24.3,75.0,0.0
2021-12-04,26.1,70.0,0.0
2021-12-05,24.9,78.0,0.0
2021-12-06,26.8,80.0,0.0
2021-12-07,27.3,77.0,0.0
2021-12-08,27.4,69.0,0.0
2021-12-09,27.7,73.0,0.0
2021-12-10,26.3,79.0,0.6
2021-12-11,27.5,73.0,0.0
2021-12-12,26.5,68.0,0.0
2021-12-13,25.8,69.0,0.0
2021-12-14,24.9,64.0,0.0
2021-12-15,23.8,63.0,0.0
2021-12-16,24.2,63.0,0.0
2021-12-17,24.6,63.0,0.0
2021-12-18,25.0,63.0,0.0
2021-12-19,24.1,69.0,0.0
2021-12-20,23.0,62.0,0.0
2021-12-21,23.0,51.0,0.0
2021-12-22,23.9,52.0,0.0
2021-12-23,25.0,53.0,0.0
2021-12-24,26.5,53.0,0.0
2021-12-25,27.0,68.0,0.1
2021-12-26,26.3,73.0,0.0
2021-12-27,26.3,71.0,0.0
2021-12-28,26.5,69.0,0.0
2021-12-29,26.8,72.0,0.0
2021-12-30,24.6,78.0,0.3
2021-12-31,25.5,74.0,0.0
2022-01-01,26.0,68.0,0.0
2022-01-02,25.5,68.0,0.0
2022-01-03,25.3,65.0,0.0
2022-01-04,26.4,58.0,0.0
2022-01-05,26.5,60.0,0.0
2022-01-06,26.8,62.0,0.0
2022-01-07,28.2,63.0,0.0
2022-01-08,27.1,66.0,0.0
2022-01-09,27.7,60.0,0.0
2022-01-10,25.1,79.0,3.3
2022-01-11,24.8,86.0,15.1
2022-01-12,23.0,88.0,6.8
2022-01-13,22.7,91.0,41.3
2022-01-14,24.5,87.0,15.5
2022-01-15,23.1,87.0,0.7
2022-01-16,24.0,80.0,0.0
2022-01-17,23.9,77.0,0.0
2022-01-18,23.0,72.0,0.0
2022-01-19,23.7,72.0,0.0
2022-01-20,24.0,66.0,0.0
2022-01-21,25.5,64.0,0.0
2022-01-22,26.5,63.0,0.0
2022-01-23,24.2,74.0,1.1
2022-01-24,25.6,73.0,0.0
2022-01-25,24.2,65.0,0.0
2022-01-26,23.9,67.0,0.0
2022-01-27,23.4,61.0,0.0
2022-01-28,23.0,60.0,0.0
2022-01-29,24.0,59.0,0.0
2022-01-30,25.6,59.0,0.0
2022-01-31,26.5,55.0,0.0
2022-02-01,27.7,51.0,0.0
2022-02-02,27.5,58.0,0.0
2022-02-03,28.1,61.0,0.0
2022-02-04,26.2,62.0,0.7
2022-02-05,25.4,46.0,0.0
2022-02-06,26.5,49.0,0.0
2022-02-07,27.6,48.0,0.0
2022-02-08,28.4,46.0,0.0
2022-02-09,29.0,54.0,0.0
2022-02-10,26.8,68.0,0.2
2022-02-11,26.8,63.0,0.0
2022-02-12,26.8,50.0,0.0
2022-02-13,27.2,46.0,0.0
2022-02-14,27.5,43.0,0.0
2022-02-15,28.4,49.0,0.0
2022-02-16,28.9,46.0,0.0
2022-02-17,27.9,55.0,0.0
2022-02-18,29.5,53.0,0.0
2022-02-19,29.6,53.0,0.0
2022-02-20,30.0,52.0,0.0
2022-02-21,30.0,46.0,0.0
2022-02-22,30.8,35.0,0.0
2022-02-23,31.3,52.0,0.0
2022-02-24,31.5,49.0,0.0
2022-02-25,31.6,42.0,0.0
2022-02-26,32.8,42.0,0.0
2022-02-27,31.7,37.0,0.0
2022-02-28,31.6,29.0,0.0
2022-03-01,32.3,32.0,0.0
2022-03-02,32.3,35.0,0.0
2022-03-03,32.2,38.0,0.0
2022-03-04,32.6,38.0,0.0
2022-03-05,32.7,38.0,0.0
2022-03-06,32.5,37.0,0.0
2022-03-07,32.5,40.0,0.0
2022-03-08,33.0,32.0,0.0
2022-03-09,33.5,32.0,0.0
2022-03-10,33.5,34.0,0.0
2022-03-11,33.6,34.0,0.0
2022-03-12,33.2,37.0,0.0
2022-03-13,33.8,33.0,0.0
2022-03-14,33.9,26.0,0.0
2022-03-15,34.8,30.0,0.0
2022-03-16,37.0,31.0,0.0
2022-03-17,37.5,28.0,0.0
2022-03-18,34.8,39.0,0.0
2022-03-19,33.8,46.0,0.0
2022-03-20,33.3,46.0,0.0
2022-03-21,34.9,46.0,0.2
2022-03-22,35.8,38.0,0.0
2022-03-23,37.1,37.0,0.0
2022-03-24,36.8,44.0,0.0
2022-03-25,35.2,44.0,0.0
2022-03-26,35.3,49.0,0.0
2022-03-27,37.0,42.0,0.0
2022-03-28,37.1,36.0,0.0
2022-03-29,37.3,36.0,0.0
2022-03-30,37.8,34.0,0.0
2022-03-31,38.2,36.0,0.0
2022-04-01,36.8,46.0,0.0
2022-04-02,36.5,50.0,0.0
2022-04-03,37.5,46.0,0.0
2022-04-04,35.7,44.0,0.0
2022-04-05,36.0,48.0,0.3
2022-04-06,36.8,47.0,0.1
2022-04-07,36.5,46.0,0.0
2022-04-08,35.6,47.0,0.0
2022-04-09,35.5,47.0,0.0
2022-04-10,35.7,48.0,0.0
2022-04-11,36.0,52.0,0.0
2022-04-12,36.5,44.0,0.0
2022-04-13,36.2,45.0,0.0
2022-04-14,36.2,45.0,0.0
2022-04-15,37.3,49.0,1.4
2022-04-16,34.8,58.0,2.7
2022-04-17,36.7,59.0,1.1
2022-04-18,37.3,50.0,0.0
2022-04-19,37.5,47.0,0.0
2022-04-20,37.7,47.0,0.0
2022-04-21,36.2,63.0,0.3
2022-04-22,32.7,64.0,1.0
2022-04-23,35.1,60.0,0.0
2022-04-24,34.8,58.0,2.0
2022-04-25,37.2,48.0,0.0
2022-04-26,37.3,48.0,0.0
2022-04-27,37.1,49.0,0.0
2022-04-28,36.8,48.0,0.1
2022-04-29,37.0,46.0,0.2
2022-04-30,37.8,47.0,0.0
2022-05-01,37.4,43.0,0.3
2022-05-02,37.2,51.0,0.0
2022-05-03,36.3,55.0,10.1
2022-05-04,34.2,64.0,1.2
2022-05-05,36.0,57.0,0.5
2022-05-06,36.1,51.0,0.0
2022-05-07,35.4,52.0,0.0
2022-05-08,35.6,48.0,0.0
2022-05-09,36.5,50.0,0.0
2022-05-10,31.8,65.0,3.7
2022-05-11,32.8,71.0,3.6
2022-05-12,33.2,74.0,11.4
2022-05-13,34.6,61.0,0.0
2022-05-14,36.2,65.0,0.0
2022-05-15,35.8,68.0,6.1
2022-05-16,34.6,66.0,0.5
2022-05-17,35.5,67.0,0.1
2022-05-18,34.2,73.0,11.5
2022-05-19,33.8,77.0,3.2
2022-05-20,33.2,70.0,0.0
2022-05-21,35.3,63.0,0.0
2022-05-22,36.2,43.0,0.0
2022-05-23,36.4,40.0,0.0
2022-05-24,36.8,43.0,0.0
2022-05-25,35.2,46.0,0.0
2022-05-26,35.0,53.0,0.4
2022-05-27,33.8,57.0,0.3
2022-05-28,36.2,47.0,0.0
2022-05-29,36.5,40.0,0.0
2022-05-30,36.0,54.0,0.2
2022-05-31,36.2,49.0,0.0
2022-06-01,36.5,51.0,8.3
2022-06-02,38.5,42.0,0.0
2022-06-03,38.0,38.0,0.0
2022-06-04,38.7,45.0,0.0
2022-06-05,37.5,50.0,0.0
2022-06-06,38.2,52.0,0.0
2022-06-07,37.5,54.0,0.5
2022-06-08,38.8,40.0,0.0
2022-06-09,37.8,41.0,0.0
2022-06-10,35.5,56.0,8.3
2022-06-11,34.2,60.0,3.1
2022-06-12,34.7,60.0,1.2
2022-06-13,34.5,62.0,0.2
2022-06-14,35.2,62.0,0.6
2022-06-15,34.8,70.0,10.0
2022-06-16,31.9,70.0,1.0
2022-06-17,31.3,76.0,3.6
2022-06-18,32.5,68.0,0.0
2022-06-19,32.5,67.0,0.6
2022-06-20,31.5,81.0,24.2
2022-06-21,26.4,91.0,9.3
2022-06-22,29.2,86.0,9.5
2022-06-23,30.5,85.0,6.8
2022-06-24,30.0,87.0,21.8
2022-06-25,27.7,89.0,6.0
2022-06-26,28.8,88.0,6.0
2022-06-27,29.2,86.0,11.1
2022-06-28,28.1,88.0,8.5
2022-06-29,29.5,87.0,7.6
2022-06-30,28.8,89.0,11.3
2022-07-01,30.3,85.0,5.6
2022-07-02,28.2,87.0,11.6
2022-07-03,27.6,90.0,19.5
2022-07-04,25.5,91.0,12.3
2022-07-05,29.0,88.0,16.0
2022-07-06,28.1,88.0,12.3
2022-07-07,28.1,90.0,20.2
2022-07-08,27.6,91.0,22.4
2022-07-09,26.6,92.0,35.6
2022-07-10,28.1,89.0,19.3
2022-07-11,25.3,93.0,37.6
2022-07-12,24.1,95.0,39.1
2022-07-13,24.4,91.0,7.4
2022-07-14,25.0,88.0,2.6
2022-07-15,25.1,90.0,18.8
2022-07-16,27.4,90.0,18.5
2022-07-17,24.1,95.0,50.7
2022-07-18,27.6,89.0,6.6
2022-07-19,29.5,81.0,0.5
2022-07-20,27.8,84.0,8.1
2022-07-21,27.6,88.0,13.3
2022-07-22,27.1,93.0,35.4
2022-07-23,26.2,91.0,16.2
2022-07-24,25.9,90.0,7.7
2022-07-25,28.2,88.0,4.5
2022-07-26,28.4,90.0,16.2
2022-07-27,30.8,81.0,1.3
2022-07-28,29.2,84.0,1.8
2022-07-29,30.1,85.0,8.2
2022-07-30,29.5,85.0,2.3
2022-07-31,29.8,84.0,1.1
2022-08-01,30.5,86.0,7.1
2022-08-02,30.0,89.0,6.8
2022-08-03,30.6,88.0,3.0
2022-08-04,30.5,86.0,9.2
2022-08-05,28.9,88.0,8.0
2022-08-06,27.5,89.0,16.5
2022-08-07,25.5,94.0,40.3
2022-08-08,25.5,92.0,55.7
2022-08-09,23.0,94.0,100.4
2022-08-10,25.7,88.0,9.1
2022-08-11,28.3,85.0,9.7
2022-08-12,29.7,81.0,1.8
2022-08-13,26.1,86.0,13.2
2022-08-14,23.0,93.0,82.9
2022-08-15,26.0,87.0,33.0
2022-08-16,29.8,80.0,1.4
2022-08-17,30.2,79.0,0.9
2022-08-18,30.1,83.0,6.3
2022-08-19,26.5,91.0,33.4
2022-08-20,27.4,88.0,11.3
2022-08-21,28.8,81.0,1.8
2022-08-22,29.8,78.0,0.9
2022-08-23,30.6,81.0,0.4
2022-08-24,30.2,87.0,13.7
2022-08-25,30.1,83.0,2.1
2022-08-26,30.0,80.0,0.6
2022-08-27,30.0,78.0,0.2
2022-08-28,30.3,82.0,0.6
2022-08-29,31.0,84.0,3.0
2022-08-30,31.6,80.0,0.9
2022-08-31,29.8,87.0,18.5
2022-09-01,30.4,86.0,9.9
2022-09-02,31.2,79.0,0.1
2022-09-03,29.7,86.0,2.8
2022-09-04,29.4,89.0,8.8
2022-09-05,30.0,84.0,1.2
2022-09-06,29.4,85.0,3.2
2022-09-07,29.5,90.0,13.2
2022-09-08,29.0,87.0,6.0
2022-09-09,27.5,90.0,18.1
2022-09-10,26.6,91.0,20.4
2022-09-11,26.8,93.0,25.2
2022-09-12,26.9,87.0,5.1
2022-09-13,28.1,84.0,2.0
2022-09-14,28.5,82.0,0.5
2022-09-15,29.8,79.0,0.4
2022-09-16,29.6,78.0,0.7
2022-09-17,28.8,84.0,7.4
2022-09-18,28.1,89.0,8.2
2022-09-19,25.5,94.0,41.3
2022-09-20,26.4,91.0,19.7
2022-09-21,28.3,88.0,5.9
2022-09-22,26.4,90.0,15.1
2022-09-23,27.2,88.0,3.0
2022-09-24,28.5,83.0,0.4
2022-09-25,29.2,83.0,4.6
2022-09-26,29.5,88.0,14.8
2022-09-27,29.5,88.0,4.6
2022-09-28,29.8,88.0,17.2
2022-09-29,28.5,90.0,11.4
2022-09-30,28.1,87.0,3.2
2022-10-01,28.5,86.0,7.2
2022-10-02,29.6,81.0,0.3
2022-10-03,28.1,85.0,11.0
2022-10-04,26.0,91.0,21.8
2022-10-05,28.7,87.0,10.6
2022-10-06,27.8,85.0,2.5
2022-10-07,27.6,87.0,9.3
2022-10-08,28.4,89.0,16.0
2022-10-09,27.8,88.0,8.2
2022-10-10,28.5,87.0,0.6
2022-10-11,28.4,89.0,2.7
2022-10-12,27.8,90.0,3.0
2022-10-13,28.2,89.0,9.3
2022-10-14,28.9,88.0,2.7
2022-10-15,27.8,88.0,0.6
2022-10-16,28.9,86.0,2.3
2022-10-17,29.1,86.0,1.2
2022-10-18,29.0,88.0,9.5
2022-10-19,28.4,89.0,8.2
2022-10-20,28.2,83.0,0.0
2022-10-21,27.5,70.0,0.0
2022-10-22,27.0,67.0,0.0
2022-10-23,27.2,69.0,0.0
2022-10-24,28.0,69.0,0.0
2022-10-25,27.6,68.0,0.0
2022-10-26,28.1,69.0,0.0
2022-10-27,27.4,70.0,0.0
2022-10-28,27.0,66.0,0.0
2022-10-29,26.4,65.0,0.0
2022-10-30,26.0,64.0,0.0
2022-10-31,26.7,67.0,0.0
2022-11-01,28.0,75.0,0.0
2022-11-02,28.8,75.0,0.0
2022-11-03,28.2,74.0,0.0
2022-11-04,28.5,62.0,0.0
2022-11-05,28.0,64.0,0.0
2022-11-06,28.4,63.0,0.0
2022-11-07,28.0,65.0,0.0
2022-11-08,28.0,67.0,0.0
2022-11-09,27.4,68.0,0.0
2022-11-10,27.4,66.0,0.0
2022-11-11,27.5,62.0,0.0
2022-11-12,27.8,61.0,0.0
2022-11-13,27.5,62.0,0.0
2022-11-14,27.6,58.0,0.0
2022-11-15,27.6,59.0,0.0
2022-11-16,27.7,61.0,0.0
2022-11-17,27.2,59.0,0.0
2022-11-18,26.5,60.0,0.0
2022-11-19,25.2,61.0,0.0
2022-11-20,26.4,63.0,0.0
2022-11-21,27.6,60.0,0.0
2022-11-22,29.0,63.0,0.0
2022-11-23,28.8,70.0,0.0
2022-11-24,28.1,65.0,0.0
2022-11-25,27.8,64.0,0.0
2022-11-26,26.5,60.0,0.0
2022-11-27,25.9,60.0,0.0
2022-11-28,26.2,58.0,0.0
2022-11-29,26.6,60.0,0.0
2022-11-30,27.5,63.0,0.0
2022-12-01,28.2,68.0,0.0
2022-12-02,28.6,70.0,0.0
2022-12-03,28.5,73.0,0.0
2022-12-04,28.3,69.0,0.0
2022-12-05,28.0,64.0,0.0
2022-12-06,28.4,61.0,0.0
2022-12-07,26.3,56.0,0.0
2022-12-08,26.0,52.0,0.0
2022-12-09,25.8,56.0,0.1
2022-12-10,27.1,75.0,9.4
2022-12-11,27.6,86.0,6.3
2022-12-12,28.5,85.0,7.7
2022-12-13,29.0,78.0,0.0
2022-12-14,29.0,72.0,0.0
2022-12-15,29.2,65.0,0.0
2022-12-16,29.9,64.0,0.0
2022-12-17,29.3,61.0,0.0
2022-12-18,27.3,55.0,0.0
2022-12-19,28.4,50.0,0.0
2022-12-20,28.9,45.0,0.0
2022-12-21,29.0,49.0,0.0
2022-12-22,28.2,50.0,0.0
2022-12-23,29.0,46.0,0.0
2022-12-24,29.6,44.0,0.0
2022-12-25,29.0,46.0,0.0
2022-12-26,29.0,59.0,0.0
2022-12-27,28.7,68.0,0.0
2022-12-28,29.0,68.0,0.0
2022-12-29,28.9,65.0,0.0
2022-12-30,29.0,55.0,0.0
2022-12-31,29.9,55.0,0.0
2023-01-01,28.8,55.0,0.0
2023-01-02,28.0,58.0,0.0
2023-01-03,27.8,63.0,0.0
2023-01-04,27.9,67.0,0.0
2023-01-05,27.5,69.0,0.1
2023-01-06,27.5,66.0,0.0
2023-01-07,25.7,47.0,0.0
2023-01-08,26.0,45.0,0.0
2023-01-09,27.4,47.0,0.0
2023-01-10,28.5,50.0,0.0
2023-01-11,28.3,44.0,0.0
2023-01-12,28.0,55.0,0.0
2023-01-13,27.6,62.0,0.0
2023-01-14,28.1,59.0,0.0
2023-01-15,28.0,62.0,0.0
2023-01-16,27.9,63.0,0.0
2023-01-17,28.1,62.0,0.0
2023-01-18,28.4,63.0,0.0
2023-01-19,28.8,60.0,0.0
2023-01-20,27.5,65.0,0.0
2023-01-21,27.5,61.0,0.0
2023-01-22,28.4,57.0,0.0
2023-01-23,28.8,54.0,0.0
2023-01-24,29.2,49.0,0.0
2023-01-25,29.9,43.0,0.0
2023-01-26,30.4,41.0,0.0
2023-01-27,30.1,47.0,0.0
2023-01-28,30.0,47.0,0.0
2023-01-29,30.8,52.0,0.0
2023-01-30,30.3,52.0,0.0
2023-01-31,30.5,49.0,0.0
2023-02-01,28.9,47.0,0.0
2023-02-02,28.6,39.0,0.0
2023-02-03,30.0,34.0,0.0
2023-02-04,30.0,38.0,0.0
2023-02-05,29.5,37.0,0.0
2023-02-06,29.5,38.0,0.0
2023-02-07,30.2,43.0,0.0
2023-02-08,30.5,47.0,0.0
2023-02-09,31.6,42.0,0.0
2023-02-10,31.5,37.0,0.0
2023-02-11,32.8,37.0,0.0
2023-02-12,32.0,35.0,0.0
2023-02-13,30.6,37.0,0.0
2023-02-14,30.5,31.0,0.0
2023-02-15,31.8,29.0,0.0
2023-02-16,32.4,32.0,0.0
2023-02-17,31.4,39.0,0.0
2023-02-18,31.1,44.0,0.0
2023-02-19,31.5,48.0,0.0
2023-02-20,32.7,43.0,0.0
2023-02-21,33.4,37.0,0.0
2023-02-22,34.0,36.0,0.0
2023-02-23,33.3,42.0,0.0
2023-02-24,34.0,33.0,0.0
2023-02-25,33.5,29.0,0.0
2023-02-26,33.0,34.0,0.0
2023-02-27,32.5,36.0,0.0
2023-02-28,33.0,37.0,0.0
2023-03-01,33.2,35.0,0.0
2023-03-02,33.7,31.0,0.0
2023-03-03,34.0,33.0,0.0
2023-03-04,33.8,32.0,0.0
2023-03-05,33.8,31.0,0.0
2023-03-06,33.5,31.0,0.0
2023-03-07,33.0,34.0,0.0
2023-03-08,32.9,39.0,0.0
2023-03-09,32.3,35.0,0.0
2023-03-10,32.0,44.0,0.5
2023-03-11,33.3,40.0,0.0
2023-03-12,33.5,32.0,0.0
2023-03-13,33.7,33.0,0.0
2023-03-14,32.8,32.0,0.0
2023-03-15,32.7,36.0,0.0
2023-03-16,32.1,62.0,4.2
2023-03-17,26.8,70.0,0.2
2023-03-18,26.0,78.0,18.5
2023-03-19,27.0,77.0,5.9
2023-03-20,26.9,73.0,4.7
2023-03-21,27.9,74.0,1.4
2023-03-22,28.4,75.0,4.5
2023-03-23,27.9,74.0,0.5
2023-03-24,30.3,68.0,0.0
2023-03-25,31.3,66.0,0.5
2023-03-26,31.5,75.0,3.4
2023-03-27,29.9,74.0,2.7
2023-03-28,31.7,61.0,0.1
2023-03-29,33.0,54.0,0.0
2023-03-30,33.2,60.0,0.0
2023-03-31,30.1,68.0,1.9
2023-04-01,29.6,71.0,3.1
2023-04-02,31.4,65.0,0.5
2023-04-03,31.8,61.0,0.1
2023-04-04,31.5,72.0,6.6
2023-04-05,32.7,69.0,0.1
2023-04-06,32.3,62.0,0.1
2023-04-07,34.2,56.0,0.0
2023-04-08,34.2,55.0,0.0
2023-04-09,33.8,59.0,0.3
2023-04-10,33.4,57.0,0.1
2023-04-11,35.2,49.0,0.0
2023-04-12,35.8,45.0,0.2
2023-04-13,36.5,42.0,0.0
2023-04-14,37.2,39.0,0.0
2023-04-15,36.5,37.0,0.0
2023-04-16,37.6,37.0,0.0
2023-04-17,37.8,34.0,0.0
2023-04-18,37.9,33.0,0.0
2023-04-19,38.5,36.0,0.1
2023-04-20,36.3,39.0,1.9
2023-04-21,35.0,41.0,0.2
2023-04-22,33.3,56.0,7.8
2023-04-23,29.3,76.0,13.7
2023-04-24,29.1,75.0,10.9
2023-04-25,28.8,77.0,7.4
2023-04-26,31.1,70.0,0.0
2023-04-27,32.2,62.0,0.0
2023-04-28,32.5,64.0,1.4
2023-04-29,31.3,68.0,0.7
2023-04-30,29.9,70.0,3.4
2023-05-01,26.0,83.0,11.0
2023-05-02,30.5,82.0,6.0
2023-05-03,30.7,83.0,6.4
2023-05-04,31.0,75.0,0.4
2023-05-05,30.5,73.0,0.5
2023-05-06,33.2,73.0,1.0
2023-05-07,34.0,74.0,1.3
2023-05-08,35.0,66.0,0.7
2023-05-09,32.8,69.0,7.6
2023-05-10,36.6,60.0,0.0
2023-05-11,38.2,46.0,0.0
2023-05-12,38.8,36.0,0.0
2023-05-13,38.7,29.0,0.0
2023-05-14,40.0,27.0,0.0
2023-05-15,39.2,29.0,0.0
2023-05-16,38.3,31.0,0.0
2023-05-17,38.5,31.0,0.0
2023-05-18,37.4,53.0,0.0
2023-05-19,34.0,65.0,14.7
2023-05-20,35.4,58.0,6.3
2023-05-21,36.8,54.0,0.0
2023-05-22,33.3,69.0,10.9
2023-05-23,35.5,62.0,0.3
2023-05-24,33.0,63.0,6.1
2023-05-25,33.0,68.0,21.6
2023-05-26,35.7,50.0,0.5
2023-05-27,37.0,43.0,0.0
2023-05-28,36.8,41.0,0.0
2023-05-29,32.7,64.0,12.4
2023-05-30,35.1,65.0,2.3
2023-05-31,35.7,60.0,0.1
2023-06-01,38.9,41.0,0.0
2023-06-02,38.8,34.0,0.0
2023-06-03,39.4,32.0,0.0
2023-06-04,36.0,41.0,1.0
2023-06-05,37.2,48.0,0.0
2023-06-06,37.2,45.0,0.0
2023-06-07,39.2,39.0,0.0
2023-06-08,38.3,37.0,0.0
2023-06-09,39.2,32.0,0.0
2023-06-10,36.8,43.0,1.2
2023-06-11,37.9,47.0,0.0
2023-06-12,38.1,49.0,1.1
2023-06-13,36.5,53.0,2.8
2023-06-14,38.3,48.0,0.0
2023-06-15,37.5,48.0,0.1
2023-06-16,38.2,42.0,0.0
2023-06-17,38.6,43.0,0.7
2023-06-18,38.0,52.0,1.5
2023-06-19,34.9,60.0,0.6
2023-06-20,36.2,65.0,4.5
2023-06-21,30.8,82.0,9.7
2023-06-22,30.8,79.0,24.6
2023-06-23,27.4,87.0,13.2
2023-06-24,30.5,88.0,15.6
2023-06-25,27.0,91.0,13.5
2023-06-26,25.8,92.0,12.5
2023-06-27,26.2,85.0,7.6
2023-06-28,30.0,79.0,1.1
2023-06-29,31.4,73.0,1.9
2023-06-30,31.5,72.0,0.3
2023-07-01,32.0,69.0,0.1
2023-07-02,32.8,74.0,2.6
2023-07-03,33.0,77.0,5.8
2023-07-04,32.2,87.0,24.1
2023-07-05,30.5,85.0,29.5
2023-07-06,28.9,89.0,24.1
2023-07-07,28.8,87.0,3.4
2023-07-08,29.5,84.0,18.2
2023-07-09,29.8,80.0,2.2
2023-07-10,31.0,79.0,4.4
2023-07-11,29.7,82.0,8.5
2023-07-12,29.9,87.0,6.7
2023-07-13,27.7,89.0,13.5
2023-07-14,29.4,84.0,6.1
2023-07-15,28.5,88.0,16.4
2023-07-16,27.1,89.0,11.2
2023-07-17,26.6,90.0,33.0
2023-07-18,25.6,93.0,40.5
2023-07-19,27.3,92.0,41.4
2023-07-20,27.8,92.0,31.2
2023-07-21,27.0,92.0,31.5
2023-07-22,28.0,89.0,20.1
2023-07-23,28.6,89.0,18.9
2023-07-24,27.9,91.0,26.1
2023-07-25,29.4,87.0,11.0
2023-07-26,29.0,90.0,54.6
2023-07-27,29.1,91.0,11.9
2023-07-28,28.3,89.0,13.4
2023-07-29,28.8,87.0,8.5
2023-07-30,27.9,88.0,17.4
2023-07-31,27.1,88.0,11.3
2023-08-01,26.8,91.0,12.0
2023-08-02,24.8,92.0,27.8
2023-08-03,27.5,85.0,2.9
2023-08-04,29.1,79.0,0.7
2023-08-05,30.0,77.0,0.7
2023-08-06,29.6,77.0,0.3
2023-08-07,28.9,77.0,0.4
2023-08-08,29.7,73.0,0.4
2023-08-09,30.0,73.0,0.4
2023-08-10,30.0,79.0,2.8
2023-08-11,30.1,78.0,0.7
2023-08-12,29.8,79.0,4.7
2023-08-13,29.6,80.0,2.4
2023-08-14,28.8,86.0,13.4
2023-08-15,29.5,82.0,9.2
2023-08-16,29.0,86.0,7.1
2023-08-17,27.1,90.0,28.2
2023-08-18,27.1,92.0,60.4
2023-08-19,27.4,88.0,21.1
2023-08-20,28.2,86.0,5.8
2023-08-21,29.9,86.0,6.7
2023-08-22,30.2,88.0,15.5
2023-08-23,29.3,87.0,11.4
2023-08-24,28.0,87.0,8.0
2023-08-25,26.2,91.0,6.8
2023-08-26,29.1,89.0,16.1
2023-08-27,27.8,89.0,11.3
2023-08-28,30.1,78.0,0.2
2023-08-29,29.8,76.0,0.2
2023-08-30,29.6,78.0,0.8
2023-08-31,30.9,79.0,0.7
2023-09-01,29.8,88.0,8.5
2023-09-02,31.0,85.0,25.1
2023-09-03,26.6,93.0,35.8
2023-09-04,26.0,94.0,32.9
2023-09-05,28.0,92.0,20.4
2023-09-06,28.8,90.0,20.9
2023-09-07,25.3,93.0,14.6
2023-09-08,28.1,88.0,4.4
2023-09-09,29.9,83.0,1.2
2023-09-10,29.6,87.0,12.9
2023-09-11,26.7,92.0,36.9
2023-09-12,27.7,90.0,25.1
2023-09-13,25.4,93.0,61.4
2023-09-14,25.4,92.0,27.2
2023-09-15,28.4,88.0,10.4
2023-09-16,29.5,86.0,3.9
2023-09-17,30.1,83.0,2.1
2023-09-18,30.3,84.0,0.6
2023-09-19,30.9,83.0,4.5
2023-09-20,25.6,92.0,39.2
2023-09-21,27.5,90.0,22.4
2023-09-22,28.5,85.0,1.3
2023-09-23,28.6,88.0,2.1
2023-09-24,28.6,88.0,9.7
2023-09-25,28.8,90.0,19.3
2023-09-26,30.1,90.0,18.3
2023-09-27,27.0,91.0,9.9
2023-09-28,30.0,88.0,8.2
2023-09-29,29.5,90.0,2.9
2023-09-30,28.5,89.0,5.4
2023-10-01,29.4,87.0,9.3
2023-10-02,29.0,89.0,11.8
2023-10-03,29.9,86.0,7.9
2023-10-04,30.3,67.0,0.0
2023-10-05,29.8,63.0,0.0
2023-10-06,30.1,73.0,0.0
2023-10-07,31.1,75.0,0.0
2023-10-08,31.1,67.0,0.0
2023-10-09,31.9,71.0,0.0
2023-10-10,31.4,70.0,0.0
2023-10-11,31.3,69.0,0.0
2023-10-12,30.9,67.0,0.0
2023-10-13,30.9,70.0,0.0
2023-10-14,29.8,69.0,0.0
2023-10-15,30.6,65.0,0.0
2023-10-16,30.1,66.0,0.0
2023-10-17,29.4,69.0,0.2
2023-10-18,30.0,69.0,0.0
2023-10-19,29.9,71.0,0.0
2023-10-20,30.1,69.0,0.0
2023-10-21,29.2,66.0,0.1
2023-10-22,28.5,62.0,0.0
2023-10-23,29.0,61.0,0.0
2023-10-24,29.1,66.0,0.0
2023-10-25,29.4,63.0,0.0
2023-10-26,29.0,58.0,0.0
2023-10-27,29.0,58.0,0.0
2023-10-28,29.0,63.0,0.0
2023-10-29,29.0,63.0,0.0
2023-10-30,28.6,62.0,0.0
2023-10-31,28.7,65.0,0.0
2023-11-01,30.2,73.0,0.5
2023-11-02,29.7,82.0,3.2
2023-11-03,29.3,83.0,0.9
2023-11-04,28.8,81.0,1.4
2023-11-05,29.0,82.0,2.0
2023-11-06,29.2,79.0,0.9
2023-11-07,29.9,73.0,0.1
2023-11-08,30.0,60.0,0.0
2023-11-09,29.9,49.0,0.0
2023-11-10,30.1,52.0,0.0
2023-11-11,30.2,57.0,0.0
2023-11-12,30.9,57.0,0.0
2023-11-13,29.9,57.0,0.0
2023-11-14,28.9,59.0,0.0
2023-11-15,28.9,58.0,0.0
2023-11-16,29.4,63.0,0.0
2023-11-17,30.0,66.0,0.0
2023-11-18,30.0,63.0,0.0
2023-11-19,30.2,63.0,0.0
2023-11-20,30.0,60.0,0.0
2023-11-21,29.4,71.0,1.0
2023-11-22,29.1,76.0,0.4
2023-11-23,28.6,72.0,0.9
2023-11-24,28.3,86.0,6.7
2023-11-25,27.8,80.0,0.2
2023-11-26,28.2,71.0,0.0
2023-11-27,27.9,71.0,0.0
2023-11-28,28.5,78.0,1.3
2023-11-29,29.5,67.0,0.0
2023-11-30,30.9,61.0,0.0
2023-12-01,30.6,59.0,0.0
2023-12-02,30.5,59.0,0.0
2023-12-03,28.9,59.0,0.0
2023-12-04,26.5,64.0,0.3
2023-12-05,23.9,89.0,7.3
2023-12-06,22.8,93.0,66.5
2023-12-07,26.1,86.0,0.3
2023-12-08,24.5,84.0,0.0
2023-12-09,25.1,83.0,0.0
2023-12-10,24.1,76.0,0.0
2023-12-11,24.5,76.0,0.0
2023-12-12,24.0,78.0,0.0
2023-12-13,24.6,76.0,0.0
2023-12-14,24.5,71.0,0.0
2023-12-15,24.8,72.0,0.0
2023-12-16,24.7,73.0,0.0
2023-12-17,24.4,71.0,0.0
2023-12-18,24.1,70.0,0.0
2023-12-19,23.7,69.0,0.0
2023-12-20,23.9,66.0,0.0
2023-12-21,24.4,69.0,0.0
2023-12-22,25.7,66.0,0.0
2023-12-23,26.0,63.0,0.0
2023-12-24,26.5,68.0,0.0
2023-12-25,27.0,69.0,0.0
2023-12-26,26.9,64.0,0.0
2023-12-27,26.6,62.0,0.0
2023-12-28,26.6,64.0,0.0
2023-12-29,27.1,70.0,0.0
2023-12-30,25.9,74.0,0.0
2023-12-31,26.8,73.0,0.0
2024-01-01,26.4,74.0,0.0
2024-01-02,26.6,66.0,0.0
2024-01-03,26.5,65.0,0.0
2024-01-04,27.5,69.0,0.0
2024-01-05,27.2,64.0,0.0
2024-01-06,27.8,53.0,0.0
2024-01-07,28.0,53.0,0.0
2024-01-08,28.9,52.0,0.0
2024-01-09,28.9,55.0,0.0
2024-01-10,28.2,56.0,0.0
2024-01-11,28.8,57.0,0.0
2024-01-12,28.7,63.0,0.0
2024-01-13,28.5,61.0,0.0
2024-01-14,27.9,62.0,0.0
2024-01-15,29.4,60.0,0.0
2024-01-16,28.3,70.0,0.3
2024-01-17,28.0,65.0,0.0
2024-01-18,28.3,63.0,0.0
2024-01-19,28.1,65.0,0.1
2024-01-20,28.0,70.0,0.1
2024-01-21,28.9,64.0,0.0
2024-01-22,26.2,77.0,0.5
2024-01-23,29.2,71.0,0.2
2024-01-24,24.1,83.0,4.6
2024-01-25,26.3,77.0,0.6
2024-01-26,27.6,69.0,0.0
2024-01-27,27.0,61.0,0.0
2024-01-28,27.2,55.0,0.0
2024-01-29,28.0,50.0,0.0
2024-01-30,28.1,55.0,0.0
2024-01-31,28.1,54.0,0.0
2024-02-01,29.8,53.0,0.0
2024-02-02,27.9,67.0,0.1
2024-02-03,28.5,65.0,0.0
2024-02-04,30.1,50.0,0.0
2024-02-05,31.5,58.0,0.0
2024-02-06,31.6,61.0,0.0
2024-02-07,32.1,61.0,0.1
2024-02-08,29.8,65.0,0.0
2024-02-09,29.8,51.0,0.0
2024-02-10,30.4,64.0,0.0
2024-02-11,31.5,56.0,0.0
2024-02-12,31.2,53.0,0.0
2024-02-13,31.5,41.0,0.0
2024-02-14,31.5,39.0,0.0
2024-02-15,32.0,34.0,0.0
2024-02-16,31.0,43.0,0.0
2024-02-17,30.6,48.0,0.0
2024-02-18,31.3,41.0,0.0
2024-02-19,31.5,40.0,0.0
2024-02-20,32.0,43.0,0.0
2024-02-21,31.5,44.0,0.0
2024-02-22,31.8,47.0,0.0
2024-02-23,31.2,61.0,0.3
2024-02-24,30.2,66.0,0.4
2024-02-25,29.9,67.0,1.5
2024-02-26,31.5,67.0,0.5
2024-02-27,32.0,59.0,0.0
2024-02-28,31.5,63.0,0.0
2024-02-29,31.8,51.0,0.0
2024-03-01,32.8,38.0,0.0
2024-03-02,33.0,44.0,0.0
2024-03-03,32.8,43.0,0.0
2024-03-04,33.9,43.0,0.0
2024-03-05,33.0,46.0,0.0
2024-03-06,33.6,45.0,0.0
2024-03-07,34.1,45.0,0.0
2024-03-08,33.2,48.0,0.0
2024-03-09,33.7,47.0,0.1
2024-03-10,32.7,47.0,0.0
2024-03-11,34.3,54.0,0.0
2024-03-12,35.4,51.0,0.0
2024-03-13,33.8,57.0,4.2
2024-03-14,34.0,48.0,0.0
2024-03-15,33.7,49.0,0.1
2024-03-16,33.6,47.0,0.0
2024-03-17,32.8,49.0,0.0
2024-03-18,33.2,51.0,0.0
2024-03-19,30.0,62.0,6.7
2024-03-20,27.0,73.0,9.2
2024-03-21,29.7,61.0,0.0
2024-03-22,31.1,56.0,0.0
2024-03-23,32.7,53.0,0.0
2024-03-24,34.0,54.0,0.0
2024-03-25,33.8,51.0,0.2
2024-03-26,34.8,44.0,0.0
2024-03-27,35.5,45.0,0.0
2024-03-28,36.0,44.0,0.0
2024-03-29,36.2,44.0,0.0
2024-03-30,36.8,38.0,0.0
2024-03-31,36.0,47.0,0.2
2024-04-01,36.7,38.0,0.0
2024-04-02,37.8,40.0,0.0
2024-04-03,37.2,40.0,0.0
2024-04-04,37.8,42.0,0.0
2024-04-05,38.6,39.0,0.0
2024-04-06,38.0,38.0,0.0
2024-04-07,37.3,33.0,0.0
2024-04-08,32.5,45.0,0.1
2024-04-09,32.0,58.0,1.2
2024-04-10,35.5,54.0,0.1
2024-04-11,30.0,61.0,0.0
2024-04-12,32.5,58.0,0.5
2024-04-13,29.7,75.0,29.6
2024-04-14,34.3,58.0,0.1
2024-04-15,36.3,47.0,0.0
2024-04-16,36.8,48.0,0.1
2024-04-17,37.8,43.0,0.0
2024-04-18,39.8,35.0,0.0
2024-04-19,39.1,35.0,0.0
2024-04-20,35.3,58.0,14.7
2024-04-21,38.5,57.0,1.7
2024-04-22,34.8,58.0,3.7
2024-04-23,37.2,48.0,0.0
2024-04-24,36.7,47.0,0.0
2024-04-25,37.9,43.0,0.0
2024-04-26,38.9,42.0,0.0
2024-04-27,39.0,39.0,0.0
2024-04-28,36.8,48.0,0.1
2024-04-29,38.2,50.0,0.2
2024-04-30,39.2,43.0,0.2
2024-05-01,39.2,35.0,0.0
2024-05-02,39.1,41.0,0.0
2024-05-03,40.3,45.0,0.0
2024-05-04,39.1,50.0,0.0
2024-05-05,37.8,61.0,8.4
2024-05-06,36.9,65.0,10.7
2024-05-07,35.0,58.0,0.1
2024-05-08,34.5,52.0,1.3
2024-05-09,34.3,66.0,2.2
2024-05-10,35.5,64.0,0.4
2024-05-11,35.7,59.0,0.0
2024-05-12,33.2,72.0,8.6
2024-05-13,32.5,68.0,0.0
2024-05-14,34.7,64.0,0.5
2024-05-15,30.5,75.0,2.4
2024-05-16,29.9,77.0,8.1
2024-05-17,31.8,84.0,11.4
2024-05-18,30.2,88.0,16.9
2024-05-19,31.0,87.0,13.0
2024-05-20,33.8,72.0,0.3
2024-05-21,34.2,68.0,1.7
2024-05-22,34.2,71.0,0.0
2024-05-23,35.0,67.0,0.0
2024-05-24,32.0,75.0,2.9
2024-05-25,32.1,79.0,10.1
2024-05-26,33.8,80.0,16.1
2024-05-27,37.7,53.0,0.9
2024-05-28,38.2,50.0,0.0
2024-05-29,38.2,56.0,0.0
2024-05-30,38.9,48.0,0.0
2024-05-31,38.4,52.0,0.1
2024-06-01,37.0,73.0,9.1
2024-06-02,30.8,84.0,19.2
2024-06-03,32.3,72.0,8.1
2024-06-04,33.8,76.0,17.6
2024-06-05,31.0,81.0,13.5
2024-06-06,32.9,78.0,3.4
2024-06-07,33.8,70.0,0.0
2024-06-08,32.2,75.0,0.2
2024-06-09,33.5,70.0,0.7
2024-06-10,34.0,68.0,0.0
2024-06-11,35.8,70.0,0.6
2024-06-12,32.7,74.0,2.5
2024-06-13,33.2,71.0,1.6
2024-06-14,32.4,82.0,18.4
2024-06-15,31.2,81.0,9.1
2024-06-16,32.0,79.0,6.1
2024-06-17,32.2,78.0,18.5
2024-06-18,33.0,77.0,21.4
2024-06-19,30.5,85.0,21.5
2024-06-20,29.5,87.0,30.6
2024-06-21,27.5,90.0,17.2
2024-06-22,27.1,91.0,17.2
2024-06-23,29.9,82.0,1.0
2024-06-24,30.5,79.0,0.8
2024-06-25,31.0,82.0,0.8
2024-06-26,29.8,87.0,37.3
2024-06-27,28.6,92.0,42.2
2024-06-28,27.0,87.0,7.4
2024-06-29,29.7,89.0,23.5
2024-06-30,25.2,94.0,57.8
2024-07-01,28.1,87.0,5.2
2024-07-02,28.8,77.0,0.0
2024-07-03,28.4,79.0,0.5
2024-07-04,28.3,86.0,2.4
2024-07-05,28.4,87.0,14.6
2024-07-06,28.4,86.0,4.1
2024-07-07,28.9,86.0,9.9
2024-07-08,27.6,90.0,19.7
2024-07-09,27.2,88.0,11.4
2024-07-10,28.0,87.0,5.4
2024-07-11,29.0,85.0,6.1
2024-07-12,28.9,90.0,22.2
2024-07-13,26.6,91.0,23.9
2024-07-14,28.3,90.0,34.2
2024-07-15,28.6,91.0,8.6
2024-07-16,27.5,91.0,20.2
2024-07-17,27.8,90.0,37.9
2024-07-18,27.7,90.0,24.8
2024-07-19,26.3,94.0,87.7
2024-07-20,25.6,91.0,48.7
2024-07-21,25.5,90.0,47.1
2024-07-22,26.2,88.0,6.8
2024-07-23,26.5,88.0,11.2
2024-07-24,24.1,92.0,35.0
2024-07-25,27.1,88.0,7.7
2024-07-26,27.5,87.0,5.6
2024-07-27,26.1,91.0,16.9
2024-07-28,28.5,83.0,2.7
2024-07-29,29.1,83.0,2.1
2024-07-30,28.6,87.0,7.9
2024-07-31,27.5,88.0,11.7
2024-08-01,25.0,93.0,25.0
2024-08-02,24.8,92.0,24.0
2024-08-03,28.5,85.0,10.7
2024-08-04,29.9,82.0,0.8
2024-08-05,28.9,83.0,6.4
2024-08-06,27.6,90.0,29.3
2024-08-07,25.0,92.0,19.5
2024-08-08,27.3,88.0,6.7
2024-08-09,29.3,81.0,0.9
2024-08-10,29.5,82.0,5.8
2024-08-11,30.4,81.0,2.8
2024-08-12,31.0,81.0,1.4
2024-08-13,31.3,78.0,0.6
2024-08-14,29.7,87.0,6.0
2024-08-15,28.8,86.0,5.4
2024-08-16,30.0,90.0,16.0
2024-08-17,29.5,85.0,2.0
2024-08-18,29.6,90.0,10.7
2024-08-19,26.9,92.0,16.9
2024-08-20,27.5,91.0,26.3
2024-08-21,30.9,81.0,13.0
2024-08-22,28.9,86.0,0.7
2024-08-23,28.9,90.0,12.2
2024-08-24,25.2,93.0,11.2
2024-08-25,28.5,82.0,2.4
2024-08-26,29.1,79.0,0.8
2024-08-27,28.7,82.0,2.7
2024-08-28,28.6,87.0,22.2
2024-08-29,26.3,92.0,17.9
2024-08-30,29.0,89.0,29.6
2024-08-31,28.3,90.0,39.3
2024-09-01,29.8,86.0,9.1
2024-09-02,29.0,86.0,4.6
2024-09-03,27.4,87.0,4.2
2024-09-04,28.7,91.0,36.5
2024-09-05,27.8,92.0,24.5
2024-09-06,26.4,93.0,47.2
2024-09-07,28.7,90.0,17.6
2024-09-08,27.4,93.0,19.2
2024-09-09,28.4,92.0,44.0
2024-09-10,27.7,88.0,29.8
2024-09-11,29.5,82.0,6.1
2024-09-12,29.7,78.0,0.6
2024-09-13,28.9,85.0,1.2
2024-09-14,27.4,84.0,3.9
2024-09-15,29.0,76.0,0.0
2024-09-16,28.5,78.0,0.2
2024-09-17,27.5,81.0,4.4
2024-09-18,29.8,78.0,0.0
2024-09-19,30.0,82.0,1.4
2024-09-20,29.6,89.0,15.6
2024-09-21,29.7,87.0,2.0
2024-09-22,30.1,84.0,3.6
2024-09-23,28.9,89.0,13.9
2024-09-24,28.6,90.0,28.2
2024-09-25,27.2,93.0,17.1
2024-09-26,28.9,89.0,2.8
2024-09-27,27.1,90.0,11.5
2024-09-28,29.8,84.0,0.3
2024-09-29,28.1,89.0,7.4
2024-09-30,29.5,89.0,4.3
2024-10-01,30.7,84.0,2.6
2024-10-02,28.4,90.0,5.9
2024-10-03,31.4,80.0,0.2
2024-10-04,30.6,77.0,0.1
2024-10-05,30.8,79.0,1.1
2024-10-06,30.8,77.0,0.3
2024-10-07,29.6,83.0,2.5
2024-10-08,30.0,87.0,4.6
2024-10-09,30.8,80.0,0.3
2024-10-10,30.9,80.0,0.7
2024-10-11,31.0,77.0,0.0
2024-10-12,30.3,80.0,0.7
2024-10-13,31.4,75.0,0.0
2024-10-14,31.0,76.0,1.4
2024-10-15,30.9,75.0,0.8
2024-10-16,31.1,80.0,1.7
2024-10-17,30.8,84.0,4.2
2024-10-18,31.5,80.0,1.0
2024-10-19,31.0,86.0,4.4
2024-10-20,28.0,87.0,6.7
2024-10-21,27.9,83.0,0.8
2024-10-22,30.5,71.0,0.0
2024-10-23,30.0,61.0,0.0
2024-10-24,29.1,62.0,0.0
2024-10-25,30.5,65.0,0.1
2024-10-26,30.0,70.0,0.0
2024-10-27,29.3,75.0,0.5
2024-10-28,29.5,79.0,0.4
2024-10-29,29.2,82.0,1.3
2024-10-30,29.6,86.0,16.9
2024-10-31,29.1,86.0,0.9
2024-11-01,29.6,80.0,0.3
2024-11-02,30.6,70.0,0.0
2024-11-03,30.1,62.0,0.0
2024-11-04,29.1,61.0,0.0
2024-11-05,29.8,61.0,0.0
2024-11-06,29.8,60.0,0.0
2024-11-07,29.7,67.0,0.0
2024-11-08,29.6,65.0,0.0
2024-11-09,29.6,62.0,0.0
2024-11-10,29.1,64.0,0.0
2024-11-11,29.4,62.0,0.0
2024-11-12,29.8,61.0,0.0
2024-11-13,30.5,62.0,0.0
2024-11-14,30.6,60.0,0.0
2024-11-15,29.8,60.0,0.0
2024-11-16,28.8,60.0,0.0
2024-11-17,27.9,58.0,0.0
2024-11-18,27.3,61.0,0.0
2024-11-19,27.4,58.0,0.0
2024-11-20,26.8,60.0,0.0
2024-11-21,27.0,62.0,0.0
2024-11-22,26.9,62.0,0.0
2024-11-23,26.5,64.0,0.0
2024-11-24,26.7,62.0,0.0
2024-11-25,27.1,61.0,0.0
2024-11-26,27.1,58.0,0.0
2024-11-27,26.2,55.0,0.0
2024-11-28,26.4,57.0,0.0
2024-11-29,27.5,67.0,0.0
2024-11-30,25.3,84.0,5.1
2024-12-01,25.1,90.0,25.4
2024-12-02,26.0,89.0,20.4
2024-12-03,25.6,90.0,17.3
2024-12-04,29.6,77.0,0.2
2024-12-05,28.7,85.0,4.8
2024-12-06,28.9,76.0,0.2
2024-12-07,28.2,84.0,5.6
2024-12-08,27.5,84.0,1.3
2024-12-09,27.9,82.0,0.6
2024-12-10,27.9,65.0,0.0
2024-12-11,26.9,61.0,0.0
2024-12-12,26.9,61.0,0.0
2024-12-13,26.7,62.0,0.0
2024-12-14,26.5,58.0,0.0
2024-12-15,26.4,51.0,0.0
2024-12-16,27.2,56.0,0.0
2024-12-17,28.0,59.0,0.0
2024-12-18,28.4,65.0,0.0
2024-12-19,27.2,75.0,0.1
2024-12-20,23.5,88.0,7.4
2024-12-21,27.7,77.0,0.0
2024-12-22,27.5,72.0,0.0
2024-12-23,27.5,66.0,0.0
2024-12-24,24.5,74.0,1.6
2024-12-25,23.7,86.0,7.8
2024-12-26,27.5,79.0,0.1
2024-12-27,28.5,73.0,0.0
2024-12-28,28.3,61.0,0.0
2024-12-29,28.1,70.0,0.0
2024-12-30,28.3,70.0,0.0
2024-12-31,28.1,69.0,0.0